,run_name,method,mesh,epoch,n_events,horizon_step,horizon_hours,csi_mean,csi_std,l1_h_mean,l1_h_std,l1_u_mean,l1_u_std,l1_v_mean,l1_v_std,mse_h_mean,mse_h_std,mse_u_mean,mse_u_std,mse_v_mean,mse_v_std
0,Experiment 5@900,Experiment 5,multimesh,900,16,1,0.5,0.9921280984870278,0.004703795209222466,0.0031292745552491397,0.000667295565091631,0.002243573821033351,0.00044649480734691987,0.0007941390322230291,0.00016766884062511568,0.00016472981724291458,0.00020662726585749292,0.0001488747407165647,0.00014201068416705616,3.487431717985601e-05,2.9114351778018864e-05
1,Experiment 5@900,Experiment 5,multimesh,900,16,2,1.0,0.9797474216015705,0.00951612475187545,0.005820541933644563,0.0008617562934561665,0.004202932599582709,0.0005091276155945172,0.0015555183126707561,0.00023864271524689492,0.0004386866376080434,0.0002604176070965776,0.00040359547529078554,0.0001447285042475329,0.00010719251167756738,3.906547587842632e-05
2,Experiment 5@900,Experiment 5,multimesh,900,16,3,1.5,0.9584854391588722,0.01393078275956702,0.009626334183849394,0.0010943967110494683,0.0068917066673748195,0.0006397584518397103,0.002552897291025147,0.00030585757507595656,0.0013322160739335231,0.0005709341901246241,0.0010227143502561375,0.0002652978109586349,0.0002676030890143011,5.446098099524853e-05
3,Experiment 5@900,Experiment 5,multimesh,900,16,4,2.0,0.9392733414115194,0.02131430264163755,0.014503344020340592,0.0013605211839966033,0.010083722590934485,0.0007491459769749132,0.0036090281937504187,0.0004008669461196445,0.0030948721832828596,0.0010943250676776499,0.00214261632936541,0.0005117468140005753,0.0004609659099514829,6.155855805784784e-05
4,Experiment 5@900,Experiment 5,multimesh,900,16,5,2.5,0.9183195656435994,0.02724068097493565,0.020010362844914198,0.0014584112927291887,0.013373929541558027,0.0006807852443336253,0.0047071602020878345,0.0005230368997591968,0.00589830098033417,0.0015852712883199832,0.0036885747977066785,0.0008533065324906817,0.0007130946760298684,6.455913901983589e-05
5,Experiment 5@900,Experiment 5,multimesh,900,16,6,3.0,0.9017002834351336,0.029731337411101785,0.02551997872069478,0.0018595206581393617,0.016570199164561927,0.0007307836849018017,0.0058551772381179035,0.0007161456018556432,0.00932285247836262,0.002100583076492638,0.005453534016851336,0.0012913916446316508,0.0010065620917885099,6.93595063712698e-05
6,Experiment 5@900,Experiment 5,multimesh,900,16,7,3.5,0.8899581085711885,0.03084390026022547,0.030749207129701972,0.0025429791935876475,0.01969781273510307,0.0009765094235656213,0.007029801374301314,0.001032694100013947,0.013030736241489649,0.0025969230991092357,0.007366781675955281,0.0017867646822010916,0.001323407494055573,0.00011466767511611807
7,Experiment 5@900,Experiment 5,multimesh,900,16,8,4.0,0.8787636628959554,0.02989939178609443,0.03550943883601576,0.003354587824426452,0.02257702127099037,0.0012901906991202427,0.00809714652132243,0.0013034980757934723,0.016828617895953357,0.0033895300183251708,0.009283526305807754,0.0024567435911160072,0.0016431075346190482,0.00017849325746767007
8,Experiment 5@900,Experiment 5,multimesh,900,16,9,4.5,0.8701825300526027,0.028967694725321933,0.03982456726953387,0.0037294261336650552,0.02522685960866511,0.0012892633848174413,0.00905871414579451,0.0014462215990953668,0.020651048514992,0.004029320694246661,0.011230575590161607,0.003160001307967192,0.0019743121447390877,0.00022367018416540656
9,Experiment 5@900,Experiment 5,multimesh,900,16,10,5.0,0.8636893764937328,0.028439939754044193,0.04361497005447745,0.0036801918376270486,0.027612972306087613,0.0011319357012624157,0.00993997958721593,0.0015595831390426283,0.024108409183099866,0.0045749493183431765,0.013022263650782406,0.003830544919710945,0.002317961014341563,0.0002938506874906577
10,Experiment 5@900,Experiment 5,multimesh,900,16,11,5.5,0.859946282991101,0.027460799037523107,0.046944230794906616,0.0036184523415672925,0.029760461417026818,0.001194549071701897,0.010724877123720944,0.0016439568295599143,0.02717507118359208,0.00548965090447382,0.014664648449979722,0.004498093747274227,0.002645764107001014,0.0003846127576528798
11,Experiment 5@900,Experiment 5,multimesh,900,16,12,6.0,0.8570718251673403,0.027496307101917153,0.04997525969520211,0.003656906143799775,0.03170822735410184,0.0013433372143386046,0.01143805735046044,0.0016830772147543962,0.030057648080401123,0.006672516145145362,0.016129460302181542,0.005264533473530543,0.00296358359628357,0.0004960871233669773
12,Experiment 5@900,Experiment 5,multimesh,900,16,13,6.5,0.8548098159313651,0.025943555077227103,0.05294508929364383,0.003661712244944529,0.033651650534011424,0.0014574411589394634,0.01214063458610326,0.0016857232389759361,0.033086656127125025,0.008008867257182662,0.01768174022436142,0.00609470629708133,0.003287681669462472,0.0006143124770142282
13,Experiment 5@900,Experiment 5,multimesh,900,16,14,7.0,0.8521953830776042,0.02527250260580791,0.055768180871382356,0.0034088740031392216,0.03552996076177806,0.0015016254053221423,0.012803444231394678,0.001646734535111132,0.03597655112389475,0.00941144404868489,0.01918902201578021,0.006960114897630208,0.0035915216722059995,0.0007328687965092933
14,Experiment 5@900,Experiment 5,multimesh,900,16,15,7.5,0.850975256184128,0.022712578294453573,0.05835387157276273,0.002866517894131914,0.037178303580731153,0.0014123879374276465,0.013415508496109396,0.001551832271919095,0.03842828993219882,0.011129510642139953,0.02027845336124301,0.00792506655146048,0.0038524228875758126,0.0008776021957316186
15,Experiment 5@900,Experiment 5,multimesh,900,16,16,8.0,0.850754969953677,0.020790592885403403,0.06064811418764293,0.002150266955842495,0.03879569936543703,0.0013383351643417142,0.01403320545796305,0.0014757917926389351,0.040385093656368554,0.012896964597841934,0.02126800053520128,0.008814073818954313,0.004110478141228668,0.0010238639112889216
16,Experiment 5@900,Experiment 5,multimesh,900,16,17,8.5,0.85112237191677,0.018521055234268658,0.06271714973263443,0.0015795118094068328,0.0402944041416049,0.0013512874835425986,0.014642306428868324,0.001431419006959079,0.041803002124652267,0.014632305689034817,0.021979299723170698,0.009599036399508846,0.0043454958067741245,0.001170856459268715
17,Experiment 5@900,Experiment 5,multimesh,900,16,18,9.0,0.8513665744867595,0.018722151231345182,0.06478505162522197,0.0012879973627102801,0.04181698686443269,0.0013119627307319785,0.015257880906574428,0.0014188561810079062,0.042944611981511116,0.015933263050256777,0.02260816452326253,0.010213736491992167,0.0045838833175366744,0.001304027232441903
18,Experiment 5@900,Experiment 5,multimesh,900,16,19,9.5,0.8523531034514107,0.01865266850667141,0.0671703452244401,0.001303655212304341,0.04354769713245332,0.0013294115585384216,0.01593431644141674,0.001439703184684484,0.044575739884749055,0.016956292652099497,0.023548439028672874,0.010797796057855089,0.0048768180422484875,0.0014438237863210845
19,Experiment 5@900,Experiment 5,multimesh,900,16,20,10.0,0.853137412485744,0.020007903537780442,0.06980880070477724,0.0014226404764328187,0.04531438183039427,0.0014297739623910608,0.01661406143102795,0.0014798017161730885,0.04660280328243971,0.017685245238799243,0.024590433051344007,0.011343302556677284,0.005182101594982669,0.0015745279079764165
20,Experiment 5@900,Experiment 5,multimesh,900,16,21,10.5,0.8539826304279738,0.020180111598710644,0.07259925082325935,0.0015569901608363844,0.047080783639103174,0.0015863578389039943,0.017307145928498358,0.0015650445761971048,0.04876412509474903,0.018379284209491194,0.02561195642920211,0.011917456905699396,0.00549222927656956,0.0016969699864256413
21,Experiment 5@900,Experiment 5,multimesh,900,16,22,11.0,0.8556424689766967,0.021267915132204145,0.07530098874121904,0.0019926487249935228,0.048894291976466775,0.001770078766702288,0.01802497770404443,0.001662190206772771,0.05084851093124598,0.01926244455845801,0.026685654593165964,0.012465378835382271,0.005823151281219907,0.0018342237944001787
22,Experiment 5@900,Experiment 5,multimesh,900,16,23,11.5,0.8584857961492149,0.022202730152996872,0.07770114531740546,0.0026472278735797,0.050570865627378225,0.002043114551116224,0.018706309027038515,0.001762982307490415,0.052521327626891434,0.020185518844847688,0.02757270645815879,0.01293605501464177,0.006117431941675022,0.00196829895454111
23,Experiment 5@900,Experiment 5,multimesh,900,16,24,12.0,0.8600287825054883,0.023609227936098036,0.07998360553756356,0.002969708647356632,0.052194701274856925,0.0021749535968350526,0.019366128952242434,0.00182695889209252,0.05388487805612385,0.020870934794842387,0.028386656485963613,0.013321461532927778,0.006404038838809356,0.0020671828607361892
24,Experiment 5@900,Experiment 5,multimesh,900,16,25,12.5,0.8615776772852877,0.02556438853159583,0.08222162071615458,0.002954271355102099,0.053809014381840825,0.0021651605217813067,0.019987448235042393,0.0018768845761278346,0.05524197220802307,0.021507088968146577,0.029192205402068794,0.013746816467417478,0.006669706112006679,0.0021737082252731798
25,Experiment 5@900,Experiment 5,multimesh,900,16,26,13.0,0.8624855098195202,0.02477641187020526,0.08454325050115585,0.0027101786308538793,0.05546693759970367,0.002122436908679079,0.020626175915822387,0.001890402108992609,0.05681110778823495,0.02211763414329933,0.030071899003814906,0.0141894875577162,0.006941917759831995,0.002281491137576391
26,Experiment 5@900,Experiment 5,multimesh,900,16,27,13.5,0.8618114337544523,0.026799093809182137,0.0870207748375833,0.0024308519243572205,0.05720357899554074,0.002027990697515358,0.021270972676575184,0.001882693975992523,0.05852878000587225,0.022713425229962288,0.031078897649422288,0.014623209026151626,0.007205060072010383,0.002381808546938175
27,Experiment 5@900,Experiment 5,multimesh,900,16,28,14.0,0.8617735509397417,0.027426305301394137,0.08969539683312178,0.0020755434869259896,0.05903820204548538,0.0018146719903244883,0.021942176506854594,0.001891097796100596,0.060475015081465244,0.023062985322938524,0.03221203270368278,0.014949343543275196,0.0075049419538117945,0.002488049685071667
28,Experiment 5@900,Experiment 5,multimesh,900,16,29,14.5,0.8614982843397451,0.026315723959459955,0.09254283597692847,0.0020204315055904554,0.06091751134954393,0.0017696452891721962,0.02263623906765133,0.0019730290658708438,0.06257445830851793,0.023276721068712484,0.03328316821716726,0.015295925398736518,0.007800441497238353,0.0025773164852121665
29,Experiment 5@900,Experiment 5,multimesh,900,16,30,15.0,0.8619533147967129,0.026709632558708014,0.0957018006592989,0.002342815097026928,0.06297086109407246,0.0019079717219633696,0.023374042939394712,0.0021000086943163284,0.06533471727743745,0.0231928676800732,0.03463348851073533,0.01558087331445216,0.008129027293762192,0.00266308603921073
30,Experiment 5@900,Experiment 5,multimesh,900,16,31,15.5,0.8606206672128665,0.027028488792545782,0.09891105443239212,0.003032247700820542,0.06501843105070293,0.0021344087732774655,0.02417128114029765,0.0022978201138792215,0.06798504502512515,0.022949304406193114,0.0358675685711205,0.015746799096260217,0.008454033551970497,0.0027119667941965238
31,Experiment 5@900,Experiment 5,multimesh,900,16,32,16.0,0.8581497698948669,0.02550646655151624,0.10251921135932207,0.004176007978627474,0.0672285663895309,0.0024424006632764107,0.02509875246323645,0.002585461755584167,0.07126088347285986,0.022413798749627192,0.03730369312688708,0.015683664946780078,0.00882942765019834,0.0027161253680445855
32,Experiment 5@900,Experiment 5,multimesh,900,16,33,16.5,0.8524328413531419,0.026859692499985665,0.10638299351558089,0.00578354569154965,0.06947612250223756,0.002937739369468178,0.02609804703388363,0.0029517298269064888,0.07495590136386454,0.02222908381135884,0.03868585987947881,0.015808937133358097,0.009194938204018399,0.002682610518097043
33,Experiment 5@900,Experiment 5,multimesh,900,16,34,17.0,0.8396777395318439,0.0361875959834047,0.11103570507839322,0.008161031696021519,0.07225925009697676,0.004001640315232555,0.027466568863019347,0.0038342843645418315,0.07946655317209661,0.02253412244855724,0.04040500917471945,0.01606536447437704,0.009694418724393472,0.0026793108475695886
34,Experiment 5@900,Experiment 5,multimesh,900,16,35,17.5,0.8264358325331759,0.04438395276323982,0.11611070251092315,0.010882321913592513,0.07508951099589467,0.00537929251938739,0.028954546432942152,0.004916177773653915,0.08350399532355368,0.02078778116314401,0.041628853883594275,0.014852703802174435,0.010163094964809716,0.002527068546555843
35,Experiment 5@900,Experiment 5,multimesh,900,16,36,18.0,0.8169670162345505,0.048359072069499534,0.12096270686015487,0.01342150614383713,0.07749911863356829,0.006389633688087287,0.030370469787158072,0.005769086634248099,0.08668306679464877,0.018137873086562263,0.04214399913325906,0.012984387671704366,0.010585437383269891,0.002367923979697991
36,Experiment 5@900,Experiment 5,multimesh,900,16,37,18.5,0.8106560949116471,0.04943283241707704,0.12569710984826088,0.015604789840168479,0.07978177489712834,0.007134913032478513,0.03186654613818973,0.006535206077293696,0.08956684079021215,0.01617006623694808,0.04240026872139424,0.010650595717328872,0.011013118986738846,0.0022086867559679675
37,Experiment 5@900,Experiment 5,multimesh,900,16,38,19.0,0.8074278237077477,0.04777562882650694,0.1308453450910747,0.017484109236582095,0.08255158038809896,0.007910510942253798,0.033601700561121106,0.0073152370241898355,0.09364486020058393,0.01612322682609654,0.04337830049917102,0.008888104701273202,0.01155878117424436,0.002190588014088764
38,Experiment 5@900,Experiment 5,multimesh,900,16,39,19.5,0.8015749503327684,0.04917931155066836,0.13671742239966989,0.018981506559599674,0.08585985377430916,0.008694316803339175,0.035913033061660826,0.008354251460087354,0.09872791822999716,0.017108526882092377,0.04480844584759325,0.007710417437014491,0.012436839984729886,0.0023278552968596148
39,Experiment 5@900,Experiment 5,multimesh,900,16,40,20.0,0.7968229961505762,0.0495760822011634,0.1436442299745977,0.02049044524863159,0.08949569845572114,0.009400801183653714,0.03857849328778684,0.009498776207216031,0.10558878257870674,0.01923377410837952,0.046693105250597,0.007332533765623898,0.013479891291353852,0.0026201500769341534
40,Experiment 5@900,Experiment 5,multimesh,900,16,41,20.5,0.7908945439571247,0.05127427944708803,0.15106945810839534,0.021822581349210553,0.09343436174094677,0.01010902156714618,0.0414288395550102,0.010689688471935414,0.11299061588943005,0.021003804232842767,0.0489358096383512,0.0072671171299880195,0.01462333113886416,0.0030084542203926657
41,Experiment 5@900,Experiment 5,multimesh,900,16,42,21.0,0.7843837236836837,0.05404241654692329,0.15932860923931003,0.02289216941083248,0.09781990386545658,0.010571658741786269,0.044640959589742124,0.011830194119532103,0.12233970500528812,0.021929284121799363,0.052009600680321455,0.007430466472557068,0.01594112766906619,0.003487620752128029
42,Experiment 5@900,Experiment 5,multimesh,900,16,43,21.5,0.779782455713657,0.05226112114842985,0.16819309070706367,0.023492630104486142,0.10242920881137252,0.010777463280928469,0.04797645064536482,0.012879787277220759,0.13295740261673927,0.022607854993399207,0.05542549933306873,0.00803141849922226,0.01720824238145724,0.003942471231484591
43,Experiment 5@900,Experiment 5,multimesh,900,16,44,22.0,0.771173757498291,0.043899534084742696,0.17816613614559174,0.023192557758446565,0.10722798947244883,0.010458805436989694,0.0516288923099637,0.013308411794217493,0.14616308314725757,0.023214233781803803,0.05974238063208759,0.00940802851335581,0.018744498898740858,0.004361896755294379
44,Experiment 5@900,Experiment 5,multimesh,900,16,45,22.5,0.7630635389618545,0.042644637509283566,0.18758648820221424,0.022190406294832113,0.11217505484819412,0.01037138346922578,0.05571789597161114,0.013574007401768954,0.1581276203505695,0.023434974845395702,0.06394386570900679,0.011213775825058394,0.020538096432574093,0.004842101277609329
45,Experiment 5@900,Experiment 5,multimesh,900,16,46,23.0,0.7538912647926608,0.04726579602393728,0.1969789220020175,0.021426623152086138,0.11689488124102354,0.010342417057391123,0.05995346326380968,0.013633696862565447,0.16867666598409414,0.022895895049368113,0.06753459945321083,0.012265477362030345,0.022407411597669125,0.005277702545561925
46,Experiment 5@900,Experiment 5,multimesh,900,16,47,23.5,0.7543842614240048,0.03890156927144318,0.20523866266012192,0.021057774411014134,0.12055038847029209,0.009748592054282475,0.0630744444206357,0.013447227067683701,0.17820967640727758,0.01977218003419258,0.07054437277838588,0.011662371425414137,0.02373670699307695,0.005200631945055541
47,Experiment 5@900,Experiment 5,multimesh,900,16,48,24.0,0.7538195146765757,0.03860363399472164,0.21156503818929195,0.02119848671906932,0.12290193187072873,0.009572321129938036,0.06509254616685212,0.01295973459499746,0.18459102883934975,0.020273898253078005,0.07203000108711421,0.011938183950660793,0.024465909868013114,0.00507730209508366
48,Experiment 5@900,Experiment 5,multimesh,900,16,49,24.5,0.7561516737424014,0.043640212870560025,0.2150392523035407,0.021251190394430967,0.12393511785194278,0.009546394123425249,0.06575544667430222,0.013188945211673521,0.18775244988501072,0.02073063228402684,0.07238784898072481,0.01223688170228722,0.02455229841871187,0.005132331340441745
49,Experiment 5@900,Experiment 5,multimesh,900,16,50,25.0,0.7620354382901,0.04307461802606416,0.2175648957490921,0.02105930064846812,0.12405038857832551,0.009663721358196584,0.06562084332108498,0.013406810434133304,0.1900663562119007,0.021301637866240442,0.07226705900393426,0.012342827486950342,0.024303219164721668,0.005088932167251539
50,Experiment 5@900,Experiment 5,multimesh,900,16,51,25.5,0.7636868525607569,0.04334019623990772,0.21963956207036972,0.020860916636630915,0.1240614983253181,0.009514832965312822,0.06531391036696732,0.013452553148132845,0.19142659939825535,0.021230983580161327,0.07193914870731533,0.01224276310490669,0.024017982941586524,0.00495562835108017
51,Experiment 5@900,Experiment 5,multimesh,900,16,52,26.0,0.7631279487634358,0.044256202211429195,0.22164155822247267,0.020729666588427006,0.12421865202486515,0.00941366093752618,0.06493572145700455,0.01346479092401415,0.19219866394996643,0.020705245983510232,0.07168028992600739,0.01212125175293578,0.023607984359841794,0.004695346852664852
52,Experiment 5@900,Experiment 5,multimesh,900,16,53,26.5,0.7613807708793147,0.04659455592371971,0.22304608020931482,0.020734370807818023,0.12390071200206876,0.009498272327193202,0.06446461589075625,0.013429146956276406,0.1917345318943262,0.02031335258611037,0.07082460075616837,0.01173741493150404,0.023129676119424403,0.004430514709164528
53,Experiment 5@900,Experiment 5,multimesh,900,16,54,27.0,0.7613015530671957,0.04859752806136741,0.22428719885647297,0.02093152324874789,0.12378364754840732,0.009857730191107405,0.06397134275175631,0.013480603489108728,0.19148695655167103,0.020046992724825092,0.07050797692500055,0.011659288466469606,0.022747949697077274,0.004233214227633442
54,Experiment 5@900,Experiment 5,multimesh,900,16,55,27.5,0.7596563047942398,0.05209761179949176,0.22514429222792387,0.02121773147276483,0.12368432898074389,0.010224941438751025,0.06335286679677665,0.01355922794368913,0.1915008770301938,0.01955707045256086,0.07029051939025521,0.011505144419656829,0.022380248468834907,0.0041391585403845466
55,Experiment 5@900,Experiment 5,multimesh,900,16,56,28.0,0.7591749911151435,0.055947195915119666,0.22519741486757994,0.02143848446105426,0.12320059072226286,0.010465532631688843,0.06246491824276745,0.013595200932745717,0.19051232654601336,0.019082457034290807,0.06973511283285916,0.011513354626936848,0.02191717375535518,0.004107638720821035
56,Experiment 5@900,Experiment 5,multimesh,900,16,57,28.5,0.7585935875943394,0.05642161561318453,0.2249739170074463,0.021661575206972223,0.12249287776648998,0.010666433521405918,0.06140406150370836,0.013539747184889303,0.18965694960206747,0.018947654681178358,0.06896417262032628,0.01146531613283582,0.021359883248806,0.0040348978051664595
57,Experiment 5@900,Experiment 5,multimesh,900,16,58,29.0,0.7569886083638595,0.055857190719029275,0.22459006495773792,0.021752746182586814,0.1216602805070579,0.010815305004760824,0.06022897409275174,0.013412420157819327,0.1886010505259037,0.019110982685168757,0.0681089274585247,0.011677192914644422,0.02078670001355931,0.003938714440071015
58,Experiment 5@900,Experiment 5,multimesh,900,16,59,29.5,0.7562457803452888,0.05468926513487472,0.22370319068431854,0.021980731312576128,0.12056050449609756,0.010984570675371409,0.05881541850976646,0.013293322017482323,0.18649478256702423,0.019652698202497418,0.06686333916150033,0.01190921691573659,0.02010449580848217,0.003866538818752459
59,Experiment 5@900,Experiment 5,multimesh,900,16,60,30.0,0.7540678969380423,0.05335923978570059,0.22279689833521843,0.022170614493963323,0.11960925906896591,0.01114890046795523,0.057510028360411525,0.013205114232170155,0.18452670238912106,0.02039543863320188,0.06587514304555953,0.012181995887663777,0.019498504465445876,0.00383499438274624
60,Experiment 5@900,Experiment 5,multimesh,900,16,61,30.5,0.7525455992389547,0.051660961902850584,0.221876485273242,0.022337966396476294,0.11873181350529194,0.011317755954777327,0.056280840653926134,0.013091425111752408,0.18283137865364552,0.02088463169128569,0.06494596996344626,0.012378100035005918,0.01893297245260328,0.0038045186699932664
61,Experiment 5@900,Experiment 5,multimesh,900,16,62,31.0,0.7510194881321328,0.051461879790299744,0.22093978617340326,0.02232983072986263,0.11778561910614371,0.011327015946887785,0.055082136765122414,0.012865972318457508,0.18121900875121355,0.02111664004966895,0.06401714566163719,0.012634412197109183,0.018387528718449175,0.00376479762532312
62,Experiment 5@900,Experiment 5,multimesh,900,16,63,31.5,0.7489007866532544,0.04974673380863773,0.21988541819155216,0.022120476791960008,0.11681297374889255,0.011278028601844367,0.05388872465118766,0.01262355838810904,0.17924297228455544,0.021500395376197093,0.06298174685798585,0.013018124360691866,0.01785077399108559,0.0037531938556143725
63,Experiment 5@900,Experiment 5,multimesh,900,16,64,32.0,0.7456512502413692,0.04931627665576586,0.21912903804332018,0.02188593543890121,0.11599203944206238,0.011217722080261235,0.05283248983323574,0.01234404196869472,0.177726318128407,0.021920827485501875,0.06209699809551239,0.013400642605667864,0.017396183044184,0.003740239037259051
64,Experiment 5@900,Experiment 5,multimesh,900,16,65,32.5,0.7423901335068792,0.048755109182246896,0.21857686713337898,0.02162071047072549,0.11533282650634646,0.011117721005723577,0.05193926417268813,0.012097649310277833,0.17679159622639418,0.022266779216739307,0.06144943623803556,0.013899371674022902,0.017029086244292557,0.003717744724887434
65,Experiment 5@900,Experiment 5,multimesh,900,16,66,33.0,0.7389159972806583,0.048250076293043,0.21822310332208872,0.021322035550891967,0.11478008655831218,0.010910001137228424,0.05109936138615012,0.011832106074132846,0.17630805168300867,0.022680570145808255,0.06095674214884639,0.014377461066513858,0.01665196189424023,0.003653016549568643
66,Experiment 5@900,Experiment 5,multimesh,900,16,67,33.5,0.7361381317942329,0.04820475895971122,0.21787986997514963,0.021031314498637568,0.11427972838282585,0.010675676683737286,0.05025296681560576,0.011525916749848784,0.17562583647668362,0.023028122826088456,0.06032076198607683,0.014661103961478784,0.016214714269153774,0.0035418420811198724
67,Experiment 5@900,Experiment 5,multimesh,900,16,68,34.0,0.7336461833134256,0.048038040561107366,0.21760957222431898,0.02063002000180835,0.11381599120795727,0.010374557030362537,0.049467068165540695,0.011227051977750323,0.1749884383752942,0.02319490144691656,0.05965562048368156,0.014874301907667005,0.015794641221873462,0.00345401366478538
68,Experiment 5@900,Experiment 5,multimesh,900,16,69,34.5,0.7292270016414673,0.04752593319649205,0.21744415070861578,0.02010012878490444,0.11346877040341496,0.010044486617284906,0.04874193947762251,0.010881795524974536,0.17480712942779064,0.023128023030969405,0.05921573634259403,0.015210934625924674,0.015452005143743008,0.003405379031125973
69,Experiment 5@900,Experiment 5,multimesh,900,16,70,35.0,0.7254818737839335,0.04705548439516522,0.21715057734400034,0.01954966689773282,0.11310852644965053,0.009697348014621765,0.04801245965063572,0.010528931410686528,0.1745737697929144,0.023145105084101253,0.05880227638408542,0.01555319396696218,0.015101047873031348,0.0033383595174120624
70,Experiment 5@900,Experiment 5,multimesh,900,16,71,35.5,0.7213031975487615,0.046134624364997705,0.2166635049507022,0.019007521476458265,0.11265086894854903,0.009348157041997441,0.04722307459451258,0.01006311734635174,0.17383991833776236,0.023249070307574542,0.0581097025424242,0.01570578430746245,0.014702018874231726,0.0032549460810341996
71,Experiment 5@900,Experiment 5,multimesh,900,16,72,36.0,0.7165958147312861,0.04524111863686583,0.216243133880198,0.01841083187330443,0.11227135453373194,0.009075825307084222,0.04647496552206576,0.0096313798520713,0.1730171898379922,0.023251674935231302,0.05744223389774561,0.015760986197182136,0.014335028186906129,0.0032028393655577593
72,Experiment 5@900,Experiment 5,multimesh,900,16,73,36.5,0.7115104404118313,0.04462257498683686,0.2159390039741993,0.0176864781865392,0.11194178368896246,0.008752493334399224,0.04576694034039974,0.009125062541255136,0.17259181011468172,0.023101300972140616,0.05693117273040116,0.015855760309934987,0.014013766718562692,0.0031776967252272995
73,Experiment 5@900,Experiment 5,multimesh,900,16,74,37.0,0.7069652753917612,0.04357614233465667,0.2156374603509903,0.01692691740014595,0.11164290830492973,0.008454431264477133,0.045055435271933675,0.008624239804249504,0.17233294807374477,0.02305553951746005,0.05646502575837076,0.01598206562760702,0.01369197212625295,0.00316645185041674
74,Experiment 5@900,Experiment 5,multimesh,900,16,75,37.5,0.7025014447131773,0.04240185120896037,0.21528615336865187,0.016163441892276302,0.11133996909484267,0.008172908023197874,0.044364872854202986,0.008086130707119452,0.17207288835197687,0.0235028555809729,0.05600201478227973,0.01624933911465844,0.013377107214182615,0.003162240567167743
75,Experiment 5@900,Experiment 5,multimesh,900,16,76,38.0,0.6975109417687135,0.041456804507852746,0.21501659229397774,0.015347312707229476,0.111082396004349,0.007908583887515459,0.04368837783113122,0.007511304461457016,0.17201191559433937,0.02412482249097456,0.05562042072415352,0.016541213041598057,0.013073027250356972,0.0031561467526275886
76,Experiment 5@900,Experiment 5,multimesh,900,16,77,38.5,0.6930491857520666,0.04035154041508448,0.21483212802559137,0.014498190292760125,0.11090690130367875,0.007708126618984613,0.04304493358358741,0.006954533019264863,0.17197989206761122,0.02473418541885131,0.055240867426618934,0.016868920206059894,0.012761236284859478,0.0031800638587619777
77,Experiment 5@900,Experiment 5,multimesh,900,16,78,39.0,0.688795487706072,0.03883595029658295,0.2149546118453145,0.01374327903596789,0.11088505107909441,0.007572699210315071,0.0424732337705791,0.006393752643031574,0.17237977776676416,0.02519515753992411,0.05497870547696948,0.01712789250564812,0.012490593187976629,0.003185859842834791
78,Experiment 5@900,Experiment 5,multimesh,900,16,79,39.5,0.6840342741863177,0.03732400475419789,0.2152569182217121,0.013095605427312137,0.11094345897436142,0.0074811625443591875,0.04201969946734607,0.005905618129429519,0.17308044992387295,0.025637378164367577,0.054776838747784495,0.017391519584636746,0.012276421213755384,0.00320708384179232
79,Experiment 5@900,Experiment 5,multimesh,900,16,80,40.0,0.6794172904013767,0.03698921620482264,0.21575836185365915,0.012405240441538427,0.11113785393536091,0.007392693401966084,0.041629166807979345,0.005440070507864777,0.1740735536441207,0.025959653732019434,0.05462746089324355,0.017593427490638223,0.012076041952241212,0.003202327306544326
80,Experiment 6@900,Experiment 6,multimesh,900,16,1,0.5,0.9929433406795668,0.0035951314868834447,0.0021620488914777525,0.0007062649275299493,0.0014708684757351875,0.0005166097298800591,0.000619154980086023,0.00017884684032557356,0.0001475204985581513,0.00022713901686218361,0.00014082705115470162,0.0001732481660267162,3.8409272292483365e-05,3.261783198287894e-05
81,Experiment 6@900,Experiment 6,multimesh,900,16,2,1.0,0.9839638508530537,0.008919011158049833,0.003973105340264738,0.0009127072348211282,0.002685664891032502,0.0006217588790141716,0.001145589576481143,0.0002644993200685023,0.00036169332088320516,0.00027403259758147157,0.0003417559673835058,0.00020545825246383483,8.593408688284399e-05,4.9319613939358105e-05
82,Experiment 6@900,Experiment 6,multimesh,900,16,3,1.5,0.9670605951135666,0.015572523360045247,0.006811258586822078,0.0009564343713193094,0.004492050371482037,0.0006579389844780373,0.0018729313451331109,0.00035399446235229203,0.0009983801519410918,0.0003651055259698684,0.0007445013270626077,0.00024502052204929305,0.00017613802765481523,7.584670610482345e-05
83,Experiment 6@900,Experiment 6,multimesh,900,16,4,2.0,0.9524874972262021,0.022289944520589338,0.010386169888079166,0.0011937183058654136,0.006539669324411079,0.0007708499786824822,0.002640389109728858,0.000461271698064289,0.0021865856760996394,0.000570574689936631,0.0013584819498646539,0.0002803085425848145,0.00030583186980948085,0.00010267182070313424
84,Experiment 6@900,Experiment 6,multimesh,900,16,5,2.5,0.9357586640184384,0.030599765128535798,0.014474573428742588,0.0017520648136692507,0.008631013362901285,0.0009327806975656395,0.003451362455962226,0.0006478334417255489,0.004087179768248461,0.0008863709695416476,0.00219612882938236,0.0003024154109737268,0.000464571567135863,0.000127046901996969
85,Experiment 6@900,Experiment 6,multimesh,900,16,6,3.0,0.9212086693460529,0.033661827138306705,0.018914174404926598,0.0027683981127207776,0.010841496346984059,0.0012798412273241904,0.004376211843919009,0.0009334446248435676,0.006783029646612704,0.001381787599548613,0.003286066770670004,0.0004124973113531425,0.0006592581667064223,0.00016396518131331223
86,Experiment 6@900,Experiment 6,multimesh,900,16,7,3.5,0.9102780387920497,0.03708028472724122,0.023216255358420312,0.003937460030122858,0.013095036847516894,0.001806436032605961,0.005315809583407827,0.0012667624417366163,0.010037887725047767,0.0021054607293445934,0.0045938019175082445,0.0007004236354722213,0.000870606119860895,0.00019802320600825857
87,Experiment 6@900,Experiment 6,multimesh,900,16,8,4.0,0.8994101504448503,0.03851673625628711,0.027344790287315845,0.005143870366968926,0.015298147569410503,0.002371506051960576,0.006200029194587842,0.00159336140135507,0.013812832825351506,0.002971951646478867,0.006095002987422049,0.001104711200342381,0.001101146928704111,0.00024321071811550515
88,Experiment 6@900,Experiment 6,multimesh,900,16,9,4.5,0.8901112310187067,0.03803788688742903,0.03108101966790855,0.005922445156589712,0.017273626406677067,0.00266450825957534,0.006994231225689873,0.001839503057572754,0.017692617955617607,0.0032386760078806512,0.007646995945833623,0.0012332767288764455,0.0013434071297524497,0.00026041312835949613
89,Experiment 6@900,Experiment 6,multimesh,900,16,10,5.0,0.8832542082055879,0.03929375260886835,0.03441476949956268,0.006231169471198636,0.019046574889216572,0.0027249811491901095,0.007685910153668374,0.002001161562973209,0.021444277255795896,0.0028073407582620887,0.009179193730233237,0.0012509021647383112,0.0015792858102940954,0.0002632360562254138
90,Experiment 6@900,Experiment 6,multimesh,900,16,11,5.5,0.8774434892964957,0.040011664624544946,0.03733760991599411,0.006329406430117887,0.02060635364614427,0.0027028143438714413,0.008291331643704325,0.002095460073729555,0.024972764891572297,0.002133259863002304,0.010686972527764738,0.0014444485817949977,0.0018040932991425507,0.00025517721252488044
91,Experiment 6@900,Experiment 6,multimesh,900,16,12,6.0,0.8734279096937111,0.038856370345696924,0.04004395427182317,0.006507763271600107,0.022049539489671588,0.002730666240510817,0.00884856010088697,0.0021612625619771633,0.028401525923982263,0.0019020575142078952,0.012149886577390134,0.0018368082518818488,0.0020140850756433792,0.00024272317449014862
92,Experiment 6@900,Experiment 6,multimesh,900,16,13,6.5,0.8700851541354376,0.03791915363746842,0.04254548763856292,0.006497141167840999,0.02341875445563346,0.00266230764600231,0.009392381180077791,0.0021866770477809287,0.03182049747556448,0.0019993219224116155,0.013637194235343486,0.0023907261815023593,0.0022406810021493584,0.00021921377116121066
93,Experiment 6@900,Experiment 6,multimesh,900,16,14,7.0,0.8662439780955449,0.03798465818405958,0.044980677077546716,0.006295633126620049,0.02477282320614904,0.0025749143876567047,0.009915570582961664,0.0021941037932643316,0.035253442474640906,0.002621236057267308,0.015169983147643507,0.003061985925978101,0.00247333414881723,0.00022145224585289568
94,Experiment 6@900,Experiment 6,multimesh,900,16,15,7.5,0.8628562940724837,0.03727549481458074,0.04708900325931609,0.005823637873474093,0.025871062418445945,0.002302047559469229,0.010388222173787653,0.002165517397621541,0.038090520771220326,0.0035787961686711486,0.016344927018508315,0.0038219276529363566,0.002670533867785707,0.00022394613064844048
95,Experiment 6@900,Experiment 6,multimesh,900,16,16,8.0,0.8615219109778034,0.03656555617024966,0.04881062847562134,0.0051532081808855846,0.026889439206570387,0.0020016432149936535,0.010863815783523023,0.0021454261473213554,0.04036596498917788,0.005044192105420116,0.017407524399459362,0.004588686297509613,0.002873274977901019,0.0002594301437703134
96,Experiment 6@900,Experiment 6,multimesh,900,16,17,8.5,0.861028179269674,0.03293318130054972,0.050306738587096334,0.004611369859677415,0.02778265706729144,0.001756651314130939,0.011312243586871773,0.002128098627111483,0.04203848179895431,0.0068399013874350005,0.018257966614328325,0.005354005438880547,0.003058493370190263,0.0003184088445347978
97,Experiment 6@900,Experiment 6,multimesh,900,16,18,9.0,0.862903133641588,0.02953179400007365,0.05179179203696549,0.00424412381603262,0.02866406785324216,0.0015836571419746695,0.011758866428863257,0.0021283375106827328,0.04348539549391717,0.008333950010834371,0.019031656091101468,0.006078613839609296,0.0032371732813771814,0.00036778568560984226
98,Experiment 6@900,Experiment 6,multimesh,900,16,19,9.5,0.8626481123943435,0.027114340737632237,0.05365555104799569,0.004103035196238101,0.029765780898742378,0.0014869721754200175,0.01226329809287563,0.002136209645106847,0.04564348771236837,0.009637259345527461,0.020120371598750353,0.006835116247469979,0.0034463625197531655,0.0004376459645876573
99,Experiment 6@900,Experiment 6,multimesh,900,16,20,10.0,0.8617454795110696,0.027460248862426158,0.05589939025230706,0.004169608801296961,0.031005964963696897,0.001529269075866677,0.012813964451197535,0.0021743599089020602,0.04836852056905627,0.010842736046741958,0.02141750924056396,0.007546868661181013,0.0036912290088366717,0.0005263224711924416
100,Experiment 6@900,Experiment 6,multimesh,900,16,21,10.5,0.8617505338693122,0.02822222044871558,0.0581057071685791,0.004251916442526743,0.032183855888433754,0.0015872565708417565,0.013371791632380337,0.002241247836769726,0.051129804691299796,0.012039856390600878,0.02261174691375345,0.008282985433758112,0.003940020178561099,0.0005818714351413064
101,Experiment 6@900,Experiment 6,multimesh,900,16,22,11.0,0.8627948403062711,0.02847014909554502,0.060036035953089595,0.0043816552732918726,0.033370573655702174,0.0016624014148643607,0.013941820885520428,0.0023013917840842466,0.05349689186550677,0.013523974965147149,0.023830896883737296,0.008980865694383498,0.004196263907942921,0.000633716862290843
102,Experiment 6@900,Experiment 6,multimesh,900,16,23,11.5,0.8625427700119984,0.02836571199675481,0.061602079309523106,0.004598034581279768,0.03437045565806329,0.0018068588153643715,0.014455666649155319,0.0023605217196493167,0.0550964679569006,0.01489136901737419,0.02475201996276155,0.009527469168333668,0.004418437369167805,0.0006604082885258142
103,Experiment 6@900,Experiment 6,multimesh,900,16,24,12.0,0.8621279928044068,0.029584743830412978,0.06309077586047351,0.004603820942088972,0.03530449396930635,0.001869195673764589,0.014949143107514828,0.0024005777940811807,0.05649349954910576,0.015675886781577348,0.025596313294954598,0.009978901615988519,0.004626218244084157,0.0007038159795976373
104,Experiment 6@900,Experiment 6,multimesh,900,16,25,12.5,0.862794012757368,0.030387909798831315,0.06448811269365251,0.004488532185620309,0.0361390714533627,0.0018584716482986988,0.015383372840005904,0.0024100781737054016,0.05776919214986265,0.01649860264748963,0.026326938474085182,0.010530594233016567,0.004799047266715206,0.000738861219119931
105,Experiment 6@900,Experiment 6,multimesh,900,16,26,13.0,0.8617358541973992,0.02968863883352712,0.06602389900945127,0.004339400414149466,0.03701414284296334,0.0018249736147042282,0.01581955363508314,0.002420931492031736,0.05913356691598892,0.01706836925805274,0.02703298511914909,0.011039692414409686,0.00496478051354643,0.0007862539676827168
106,Experiment 6@900,Experiment 6,multimesh,900,16,27,13.5,0.8608957842364151,0.031223915635391196,0.067658178973943,0.00446764001047111,0.03789125382900238,0.0018448926748874832,0.01625834370497614,0.0024298833786772613,0.06076076370663941,0.01785191981994974,0.027835294255055487,0.011574248799621305,0.0051412152097327635,0.0008370106551869161
107,Experiment 6@900,Experiment 6,multimesh,900,16,28,14.0,0.860745030607012,0.03087644564942012,0.0693753173109144,0.004821320298465115,0.03880709456279874,0.0019250827837113133,0.01670618203934282,0.0024586246774666743,0.06240512803196907,0.018591213987465417,0.02860415482427925,0.012059747599271182,0.005316930415574461,0.0009063147005687771
108,Experiment 6@900,Experiment 6,multimesh,900,16,29,14.5,0.8606351229137159,0.03229780275300191,0.07109985128045082,0.005235273854404183,0.03968906309455633,0.002033848777980858,0.017179084301460534,0.002519468187927761,0.06388866389170289,0.019461431660568632,0.029239668627269566,0.01256365235181329,0.005492531665368006,0.0009666318842687072
109,Experiment 6@900,Experiment 6,multimesh,900,16,30,15.0,0.8571272599339826,0.03036292291361402,0.07265988225117326,0.005292295227938,0.040600678185001016,0.002096719697550737,0.01767865044530481,0.0026106550032565052,0.06515014707110822,0.01996098190992455,0.029876362765207887,0.013004132400281726,0.0056762153399176896,0.0009889709958409356
110,Experiment 6@900,Experiment 6,multimesh,900,16,31,15.5,0.8550392005902077,0.029947896319049937,0.07433776883408427,0.005240472660736381,0.041548075620085,0.0021002254420528677,0.018231315771117806,0.0027587142114338515,0.0662105807568878,0.020068984037322025,0.030364449019543827,0.013279759812285286,0.005870253691682592,0.0009632047569665447
111,Experiment 6@900,Experiment 6,multimesh,900,16,32,16.0,0.8510614600254791,0.0301567602297336,0.07645723689347506,0.005247249436880532,0.04271131753921509,0.002242634381572001,0.018911116989329457,0.0030198941063615103,0.0678304503671825,0.01951643292885346,0.03108936094213277,0.013368824365261447,0.0060922998818568885,0.0009165198483549841
112,Experiment 6@900,Experiment 6,multimesh,900,16,33,16.5,0.8410662606343096,0.0356509950304868,0.07918196450918913,0.006186013243751595,0.04413883131928742,0.0028039083028647944,0.019794909516349435,0.0034869733097320035,0.06989496503956616,0.01906374229266356,0.03193103184457868,0.01353005491367533,0.006390971480868757,0.0008862730728813727
113,Experiment 6@900,Experiment 6,multimesh,900,16,34,17.0,0.8310424730314051,0.04106399920094074,0.08291045576334,0.008434205781999141,0.04600874427706003,0.003863626645167781,0.020950225763954222,0.004268648077724936,0.07331650075502694,0.018727614656171065,0.033086328068748116,0.013758848583656308,0.00679239904275164,0.0009181729457298118
114,Experiment 6@900,Experiment 6,multimesh,900,16,35,17.5,0.8256033841893655,0.03930272942185451,0.08647684380412102,0.010734433100813684,0.04767350386828184,0.004896215990510268,0.02217653684783727,0.005165149180592532,0.07587270345538855,0.01660795169441254,0.03344403230585158,0.012679186181131523,0.007154680642997846,0.00100966107757238
115,Experiment 6@900,Experiment 6,multimesh,900,16,36,18.0,0.8190474345440684,0.03807925614967979,0.08952370565384626,0.012451507038953539,0.04918466764502227,0.005744647149276878,0.023422453203238547,0.005989762496059328,0.07717774459160864,0.01350914193035202,0.03351253655273467,0.010908798322303837,0.007485897920560092,0.0011675746189570189
116,Experiment 6@900,Experiment 6,multimesh,900,16,37,18.5,0.8127911306869728,0.03891130339788665,0.09243620792403817,0.013705091728655592,0.05084022064693272,0.006614717635035538,0.024738147563766688,0.006654824731023337,0.07750390749424696,0.010790728846285532,0.03341635025572032,0.008688406581147444,0.007820053782779723,0.0013942000177654386
117,Experiment 6@900,Experiment 6,multimesh,900,16,38,19.0,0.8075360231349878,0.03975009536397442,0.0960574820637703,0.015458409866204162,0.052866892889142036,0.007518903792769284,0.026243709144182503,0.007456965338313766,0.07890508603304625,0.010263419844911,0.03386601456440985,0.007095908557166837,0.00822518192580901,0.001722480793496248
118,Experiment 6@900,Experiment 6,multimesh,900,16,39,19.5,0.8024024694232523,0.0406174958722104,0.10082481754943728,0.01690586186939541,0.055469892686232924,0.008563093319979457,0.028120878560002893,0.00843643520840235,0.08179854601621628,0.010474439209357403,0.034775482141412795,0.005951092897895855,0.00878925307188183,0.002131325404728606
119,Experiment 6@900,Experiment 6,multimesh,900,16,40,20.0,0.79900342339478,0.0386788356775605,0.10658319015055895,0.017887284649395045,0.05852280417457223,0.009553417014444378,0.0303914399119094,0.009504535267657164,0.0860379128716886,0.010562530831800667,0.03605887165758759,0.0053966560911570365,0.009503797540673986,0.002544811361651371
120,Experiment 6@900,Experiment 6,multimesh,900,16,41,20.5,0.7925290974271666,0.03954918488939171,0.11310063768178225,0.01864190555584696,0.06177507131360471,0.01039778361346419,0.033000178169459105,0.010577203078165133,0.09175801137462258,0.011327234681563264,0.03749802149832249,0.005159649288502065,0.010345294780563563,0.0029831132219425554
121,Experiment 6@900,Experiment 6,multimesh,900,16,42,21.0,0.7873248231103481,0.03882104309796902,0.12038256181403995,0.01965177573746658,0.06545384414494038,0.011220770381464648,0.0359182464890182,0.011626207377209208,0.09884304273873568,0.012492422115268416,0.039380076923407614,0.005240067699719446,0.011338018637616187,0.0034132582178242107
122,Experiment 6@900,Experiment 6,multimesh,900,16,43,21.5,0.7794251931376512,0.03601823991459572,0.12791634630411863,0.019765220059859236,0.06965992646291852,0.011932682816638174,0.039263466373085976,0.012690496847249542,0.10513988370075822,0.01406013907038532,0.04159613617230207,0.005752773247382748,0.012555703928228468,0.003846945128973671
123,Experiment 6@900,Experiment 6,multimesh,900,16,44,22.0,0.7659215965228561,0.040155465139505415,0.13663100823760033,0.020048183880312376,0.07443858543410897,0.012252961759315915,0.04324125754646957,0.013334363559959247,0.11361586628481746,0.018615147643220416,0.0448132106103003,0.00699537938752151,0.01410075428429991,0.004204586391899995
124,Experiment 6@900,Experiment 6,multimesh,900,16,45,22.5,0.7584334613289551,0.03980316343149982,0.14600048819556832,0.0212486134698175,0.0796355006750673,0.013262740241504341,0.04741554008796811,0.013782979282071528,0.12299025105312467,0.024771209256064446,0.04816345660947263,0.009119579241460967,0.01572155806934461,0.004703940402121428
125,Experiment 6@900,Experiment 6,multimesh,900,16,46,23.0,0.7577692213270112,0.03791752040360952,0.1549087967723608,0.022815088376573752,0.08459931518882513,0.014451543007394575,0.05166560900397599,0.014376283654821598,0.13238891260698438,0.02992055322748534,0.0513886425178498,0.010684867542777907,0.0173869269201532,0.005250964883250954
126,Experiment 6@900,Experiment 6,multimesh,900,16,47,23.5,0.7560904819856399,0.045070420867976746,0.1619092794135213,0.022786298422109524,0.08769927453249693,0.014327757526001387,0.05505407811142504,0.014629632826663998,0.13692707428708673,0.026852861769777938,0.0519398027099669,0.010051925231545931,0.01833734364481643,0.005282269468990183
127,Experiment 6@900,Experiment 6,multimesh,900,16,48,24.0,0.7624359678785811,0.044720421051047204,0.1646636174991727,0.022256324527928504,0.08890691306442022,0.013966366890962504,0.05663715489208698,0.014382285392924616,0.13734336523339152,0.024341778781471216,0.051810560980811715,0.009539278210597463,0.018768699374049902,0.005146034035444103
128,Experiment 6@900,Experiment 6,multimesh,900,16,49,24.5,0.7670851598293726,0.044392072720434744,0.16543559078127146,0.022345989350149673,0.08879247633740306,0.013817189956660376,0.05702479649335146,0.014435641691322706,0.1362102678976953,0.022736732870029107,0.05124697647988796,0.009233574587227934,0.018704632471781224,0.005123949778725264
129,Experiment 6@900,Experiment 6,multimesh,900,16,50,25.0,0.7706821187029502,0.04255976077721845,0.16499363537877798,0.022859639484325907,0.08802834386005998,0.01378715361888336,0.05650413013063371,0.014515267019923879,0.13479300681501627,0.022146585514300036,0.05066101625561714,0.008970070924197524,0.01833313674433157,0.0050427205482006625
130,Experiment 6@900,Experiment 6,multimesh,900,16,51,25.5,0.7723161571621209,0.04067589106700308,0.16455302760004997,0.022969701468278408,0.08708832785487175,0.01375978811735449,0.05581921455450356,0.014548915483056472,0.13389963237568736,0.021763026475224656,0.05003394838422537,0.008780343782826008,0.017965901643037796,0.004981075797605371
131,Experiment 6@900,Experiment 6,multimesh,900,16,52,26.0,0.7735954214575788,0.03801654667604405,0.16439406108111143,0.023312393513870433,0.0862165680155158,0.013657845450120006,0.055224763695150614,0.014532747019551165,0.13337724702432752,0.021548526777947725,0.04959043674170971,0.008624222092253973,0.01759620860684663,0.004887086700289471
132,Experiment 6@900,Experiment 6,multimesh,900,16,53,26.5,0.7739640947358575,0.035682271295384344,0.16406249441206455,0.023903778582772425,0.08538570161908865,0.013700640418200205,0.05445986776612699,0.014554546743936464,0.1327101462520659,0.0210054270310218,0.04926038417033851,0.00841531098509503,0.017236846208106726,0.004847778286043114
133,Experiment 6@900,Experiment 6,multimesh,900,16,54,27.0,0.7731808503283037,0.035867413854987255,0.16395198367536068,0.024595185818366387,0.08479631738737226,0.01414182675907288,0.053870752337388694,0.014803533464890278,0.1324250753968954,0.020030086803177423,0.04934891150332987,0.008650961830050555,0.01694501267047599,0.004901479243837326
134,Experiment 6@900,Experiment 6,multimesh,900,16,55,27.5,0.7726707779716505,0.03368643319032144,0.16378992050886154,0.025382399424865327,0.08418128779157996,0.014455838718737594,0.053122620563954115,0.015030898174297194,0.13232573913410306,0.019386534755099945,0.049328518100082874,0.008675028292547694,0.016569058934692293,0.004920726499830209
135,Experiment 6@900,Experiment 6,multimesh,900,16,56,28.0,0.771384496865736,0.03161626580664073,0.1632268661633134,0.025755492723710527,0.08326001232489944,0.014433131494768126,0.052264521131291986,0.015067195952993521,0.13181238481774926,0.018559148707939302,0.049039068166166544,0.008398085382997272,0.01617432851344347,0.004886884907478826
136,Experiment 6@900,Experiment 6,multimesh,900,16,57,28.5,0.7682269891666231,0.03129754573375508,0.16254150867462158,0.025902982245016356,0.08218594500795007,0.014298921229554848,0.05122673767618835,0.014977782631202325,0.13128705928102136,0.017875124749970994,0.04850940313190222,0.008041279174599118,0.015680123469792306,0.004777895995249169
137,Experiment 6@900,Experiment 6,multimesh,900,16,58,29.0,0.7663997135090063,0.030330632211290662,0.16155811119824648,0.026108063438660054,0.08094972395338118,0.014161893005764063,0.04997776041273028,0.014836029014568534,0.13065509032458067,0.017371749685233796,0.048022685572505,0.008106390467065759,0.01513683021767065,0.004642107150218709
138,Experiment 6@900,Experiment 6,multimesh,900,16,59,29.5,0.7626242137323894,0.0293075651834011,0.1602791165933013,0.026348507678031163,0.07961813174188137,0.014142212098099585,0.04856973222922534,0.014712628054726777,0.12953843595460057,0.017100767305681504,0.04745737579651177,0.008211874500107698,0.014551818952895701,0.0045487545306186076
139,Experiment 6@900,Experiment 6,multimesh,900,16,60,30.0,0.7590361560179775,0.02766572538174117,0.15893106115981936,0.026896018472465838,0.07829479197971523,0.014162932478985814,0.047286266228184104,0.014573210074431676,0.12830960331484675,0.017173971018272987,0.04691270925104618,0.008429570251654217,0.014029077370651066,0.00444667528063826
140,Experiment 6@900,Experiment 6,multimesh,900,16,61,30.5,0.754945444176711,0.026656244173815742,0.15764434542506933,0.02730386537907347,0.07700005359947681,0.014053586559127581,0.04600560734979808,0.014390261176863097,0.1273218272253871,0.017225665384373114,0.046334170969203115,0.008426163232448037,0.01354190320125781,0.004316254019675512
141,Experiment 6@900,Experiment 6,multimesh,900,16,62,31.0,0.7513835250659994,0.026096332446015197,0.1563298376277089,0.027420827809825642,0.07568799238651991,0.013813348320771874,0.044758648378774524,0.01406686873803802,0.12650170642882586,0.017037433490406064,0.045714997220784426,0.008435837062596301,0.01307448380975984,0.004158539463026111
142,Experiment 6@900,Experiment 6,multimesh,900,16,63,31.5,0.7466124192048348,0.026653918157473148,0.15499181672930717,0.027426290595498955,0.0744713437743485,0.013610500883374737,0.04353538004215807,0.013683447396067567,0.12572496244683862,0.017143332035769197,0.045176997082307935,0.008521515155017567,0.012633069971343502,0.0040160487109263026
143,Experiment 6@900,Experiment 6,multimesh,900,16,64,32.0,0.7425898865640779,0.027075284053406486,0.1537669668905437,0.027470709309264915,0.07336148479953408,0.013405441652503505,0.0424659566488117,0.013388628386292756,0.12501622829586267,0.01738942913948765,0.04470112221315503,0.0087194280461044,0.01227376502356492,0.00394085434522381
144,Experiment 6@900,Experiment 6,multimesh,900,16,65,32.5,0.7378725960248874,0.027179039191217405,0.15273604774847627,0.027366552537981707,0.07240664795972407,0.0132074385040579,0.04158841574098915,0.013170826892522296,0.12470019375905395,0.01745829233541108,0.044430246693082154,0.009036221737588942,0.01197908166795969,0.0038646048332626796
145,Experiment 6@900,Experiment 6,multimesh,900,16,66,33.0,0.7332830279746497,0.028455997689695492,0.15194437094032764,0.02709410384930034,0.07154641719534993,0.01289822357775472,0.0407821258995682,0.012935006377894858,0.12484085373580456,0.01731210299281274,0.044279446941800416,0.009296543976039432,0.011702643183525652,0.00378119748671856
146,Experiment 6@900,Experiment 6,multimesh,900,16,67,33.5,0.7294447054598262,0.027828303717207556,0.15114611247554421,0.026798655806010603,0.07071438850834966,0.01256428813088939,0.0400496213696897,0.012692341555407436,0.12474509980529547,0.016909130044287745,0.044037324259988964,0.009416174457095364,0.011421747418353334,0.0036677520605882578
147,Experiment 6@900,Experiment 6,multimesh,900,16,68,34.0,0.7241760040666863,0.02778033178643904,0.15028283325955272,0.026589152673807556,0.06993474834598601,0.01231068441756661,0.0393732488155365,0.012518883786089471,0.12445516884326935,0.016480563311767324,0.04382394114509225,0.009538497822906772,0.011172719881869853,0.003582335738426026
148,Experiment 6@900,Experiment 6,multimesh,900,16,69,34.5,0.7189776668301044,0.028485057506574655,0.1494601657614112,0.0262979916656037,0.06919468054547906,0.011925112141499128,0.03867909638211131,0.012242984767519689,0.12443580664694309,0.01593115983052877,0.04368416883517057,0.009713784722472718,0.010942004853859544,0.0034627606582308735
149,Experiment 6@900,Experiment 6,multimesh,900,16,70,35.0,0.7130229021325315,0.02997437999581336,0.14864126034080982,0.025768921879560362,0.06841269694268703,0.011461322032016191,0.037989014061167836,0.011931515732108638,0.12448183353990316,0.01530677445834389,0.04356506385374814,0.009968481074354175,0.010700843296945095,0.0033169783357637522
150,Experiment 6@900,Experiment 6,multimesh,900,16,71,35.5,0.7085249771297701,0.030166913539933345,0.14764276845380664,0.025238314944094755,0.06755307223647833,0.011004130174315544,0.03723083040677011,0.011552025216169114,0.12410710100084543,0.014877573232330953,0.04325246228836477,0.010002989427711492,0.010430837224703282,0.0031584991469994135
151,Experiment 6@900,Experiment 6,multimesh,900,16,72,36.0,0.7026209573014949,0.03037693947788269,0.14646501746028662,0.024834401321201047,0.06666789599694312,0.010564850365958481,0.03644713538233191,0.01117023216192978,0.12325594527646899,0.014668191736378478,0.0428521306021139,0.010009357529752082,0.010147454857360572,0.0030189276535202256
152,Experiment 6@900,Experiment 6,multimesh,900,16,73,36.5,0.6972003317894502,0.030954260836343766,0.14539085235446692,0.024406904429672388,0.06578712724149227,0.010097798826571122,0.03569632209837437,0.010746291782597738,0.12259809393435717,0.014389145965969258,0.0425291812280193,0.01003277988902386,0.009883306949632242,0.0028644228799545837
153,Experiment 6@900,Experiment 6,multimesh,900,16,74,37.0,0.6912292475604364,0.031181859832017038,0.14444563537836075,0.02385613264799411,0.06492064357735217,0.009562743854677798,0.03497168386820704,0.01029495497926963,0.12215645611286163,0.014066484607641642,0.04220643104054034,0.010157112137779391,0.009623005607863888,0.002707658324999868
154,Experiment 6@900,Experiment 6,multimesh,900,16,75,37.5,0.6853427551914196,0.032870676991986814,0.14349185163155198,0.023243775477722665,0.06413238635286689,0.009024230561978024,0.03426377975847572,0.009823709305039702,0.12175484606996179,0.014091168119824743,0.041958442190662026,0.010383611618491799,0.009380829433212057,0.002540769518389313
155,Experiment 6@900,Experiment 6,multimesh,900,16,76,38.0,0.6795555078883997,0.033551526049249866,0.14246537955477834,0.022559639928190323,0.06331574753858149,0.008420874397278505,0.03352695459034294,0.009295591760753676,0.1212287237867713,0.014325079798505313,0.04172191710676998,0.010687533352057988,0.0091379729565233,0.002374848385755135
156,Experiment 6@900,Experiment 6,multimesh,900,16,77,38.5,0.673512806810274,0.0345569433287222,0.14146577939391136,0.021864920011658,0.06255065160803497,0.00788113375092519,0.03283842164091766,0.008798209073132017,0.1205878290347755,0.014543480681191184,0.04146072524599731,0.01090390180873276,0.00889786533662118,0.002211301034087673
157,Experiment 6@900,Experiment 6,multimesh,900,16,78,39.0,0.6679580238760422,0.03573110939477168,0.14061000989750028,0.021256976303172997,0.06188309355638921,0.007445242291376826,0.03221455856692046,0.008327802277919452,0.11999082751572132,0.014657968428183381,0.041250193607993424,0.011034047102128906,0.008695425989571959,0.0020875497014698832
158,Experiment 6@900,Experiment 6,multimesh,900,16,79,39.5,0.6614012638661232,0.03589514478483933,0.13999177562072873,0.020782949264397027,0.061315096681937575,0.007015296803879242,0.03168145113158971,0.00789142371052637,0.11963907396420836,0.01469934395931582,0.0410559899173677,0.011112645363957195,0.00852159337955527,0.0019644731703933227
159,Experiment 6@900,Experiment 6,multimesh,900,16,80,40.0,0.6567421316641802,0.03667346510732457,0.13961015548557043,0.020299218144681816,0.060888873878866434,0.006619391960250627,0.031239216565154493,0.007500074630953395,0.11962751811370254,0.014577894994996843,0.040940622333437204,0.011162065168418509,0.008387636800762266,0.0018638225919844816
